{"K": [[83.82337871459157, 0.0, 76.22182608459224], [0.0, 78.51425394954134, 58.31281246468275], [0.0, 0.0, 1.0]], "D": [[-0.04637390157597083], [0.13462497616698968], [-0.20773310626150224], [0.09852879772188555]], "R": [[1.0, 0.0, 0.0], [0.0, 1.0, 0.0], [0.0, 0.0, 1.5]], "M": [[-0.3333333333333327, -1.891941391941407, 104.76923076923107], [4.6629367034256575e-15, -2.9029304029304237, 142.53846153846203], [5.377642775528102e-17, -0.02380952380952399, 1.0]], "img_shape": [120, 160, 3]}